player,injury,old_start,old_return,verdict,onset,first_game_back,log_text
Jabari Parker,ACL tear,2014-12-16,2015-11-04,correct,2014-12-15,2015-11-04,torn acl in left knee (out for season) | placed on il with torn acl in left knee (out for season) | surgery on left knee to repair torn acl (out for season) | sore left knee (dtd) | placed on il recovering from surgery on left knee to repair torn acl
Tony Wroten Jr.,ACL tear,2015-01-14,2015-12-05,correct,2015-01-23,2015-12-05,sprained right ankle / knee (dtd) | placed on il with torn acl in right knee (out for season) | placed on il with knee injury
Kendall Marshall,ACL tear,2015-01-17,2015-02-19,return that was not,2015-01-15,2015-12-11,torn acl in right knee (out for season) | surgery on right knee to repair torn acl (out for season) | placed on il recovering from surgery on right knee to repair torn acl (out for season)
Dante Exum,ACL tear,2015-08-06,2017-01-05,wrong return date,2015-08-06,2016-10-25,torn acl in left knee (out indefinitely) | surgery on left knee to repair torn acl (out indefinitely) | placed on il recovering from surgery on left knee to repair torn acl (out for season) | patellar tendinitis in left knee (dtd) | placed on il with patellar tendinitis in left knee
Jarrett Jack,ACL tear,2016-01-03,2017-03-06,correct,2016-01-02,2017-02-25,torn acl in right knee (out for season) | placed on il with torn acl in right knee (out for season) | surgery on right knee to repair torn ligament (out for season) | right knee injury (dtd)
Chris Andersen,ACL tear,2016-12-16,2017-02-13,return that was not,2016-12-14,,torn acl in right knee (out for season) | placed on il with torn acl in right knee
Zach LaVine,ACL tear,2017-02-03,2018-01-13,correct,2017-02-03,2018-01-13,torn acl in left knee (out for season) | placed on il with torn acl in left knee (out for season) | placed on il recovering from torn acl in left knee
Jabari Parker,ACL tear,2017-02-08,2017-04-08,return that was not,2017-02-08,2018-02-02,torn acl in left knee (out for season) | placed on il with torn acl in left knee | surgery on left knee to repair torn acl (out for season)
Jabari Parker,ACL tear,2017-04-10,2018-02-02,counted twice,2017-02-08,2018-02-02,placed on il recovering from surgery on left knee to repair torn acl (out for season) | placed on il recovering from surgery on left knee to repair torn acl (out for season) | placed on il recovering from surgery on left knee to repair torn acl
Brandon Knight,ACL tear,2017-07-25,2018-12-13,correct,2017-07-25,2018-12-13,torn acl in left knee (out for season) | placed on il recovering from torn acl in left knee (out for season) | placed on il with left knee injury
O.G. Anunoby,ACL tear,2017-09-18,2018-03-15,before NBA debut,,,torn acl in knee (out indefinitely) | placed on il with sprained right ankle
Kristaps Porzingis,ACL tear,2018-02-06,2020-01-21,wrong return date,2018-02-06,2019-10-23,torn acl in left knee (out for season) | placed on il with torn acl in left knee (out for season) | surgery on left knee to repair torn acl (out for season) | recovering from surgery on left knee to repair torn acl (out for season) | placed on il with sore right knee
Pau Gasol,ACL tear,2018-03-07,2018-03-10,not a tear,,,sprained right shoulder (dtd) | sprained acl in right knee (dtd)
Klay Thompson,ACL tear,2019-06-14,,correct,2019-06-13,2022-01-09,torn acl in left knee (out for season) | surgery on left knee to repair torn acl (out indefinitely)
DeMarcus Cousins,ACL tear,2019-10-22,2020-02-23,return that was not,2019-10-22,2020-12-31,placed on il recovering from surery on left knee to repair torn acl
Max Strus,ACL tear,2019-12-11,,correct,2019-12-23,2020-12-29,placed on il | torn acl in left knee (out for season)
Jeremy Lamb,ACL tear,2020-02-24,,correct,2020-02-23,2021-01-20,torn acl in left knee (out for season) | placed on il with torn acl in left knee (out for season)
Anderson Varejao,Achilles rupture,2014-12-25,2016-04-27,wrong return date,2014-12-23,2015-10-27,placed on il with left achilles injury (out for season) | surgery to repair torn left achilles tendon (out for season) | dnp | placed on il
Brandon Jennings,Achilles rupture,2015-01-24,2015-12-17,correct,2015-01-24,2015-12-29,torn left achilles (out for season) | placed on il with torn left achilles (out for season) | placed on il with torn left achilles
Nikola Pekovic,Achilles rupture,2015-03-13,2016-01-06,not a tear,,,sprained right ankle (out for season) | placed on il with sprained right ankle (out for season) | surgery on right achilles (out for season) | recovering from surgery on right achilles (dtd) | placed on il recovering from surgery on right achilles
Mario Chalmers,Achilles rupture,2016-03-09,2017-12-01,wrong return date,2016-03-09,2017-10-18,ruptured right achilles tendon (out for season) | placed on il with sore right ankle
Rudy Gay,Achilles rupture,2017-01-18,2017-11-29,wrong return date,2017-01-18,2017-10-18,torn left achilles tendon (out for season) | surgery to repair torn left achilles tendon (out for season) | placed on il recovering from surgery to repair torn left achilles tendon (out for season) | sore right heel (dtd)
C.J. Wilcox,Achilles rupture,2017-01-20,2018-10-19,wrong start,2018-09-21,,tendinitis in knee / left achilles tendon (dtd) | left ankle / achilles tendinitis (dtd) | left achilles tendinitis (dtd) | placed on il | right knee injury (out indefinitely) | surgery on right knee (date approximate) | placed on il with torn right achilles tendon (out for season)
DeMarcus Cousins,Achilles rupture,2017-04-06,2019-01-18,wrong start,2018-01-26,2019-01-18,tendinitis in right achilles (out for season) | torn left achilles tendon (out for season) | surgery to repair torn left achilles tendon (out for season) | placed on il recovering from surgery to repair torn left achilles tendon (out for season) | surgery to repair torn left achilles tendon (out for season) | recovering from surgery to repair torn left achilles tendon (out indefinitely) | placed on il with recovering from surgery to repair torn left achilles tendon
Nene Hilario,Achilles rupture,2017-05-08,2017-10-28,not a tear,,,torn left adductor muscle (out for season) | placed on il with torn left adductor muscle (out for season) | placed on il with sore left achilles
Sheldon Mac,Achilles rupture,2017-10-09,2018-02-08,return that was not,2017-10-09,,torn achilles tendon (out for season) | surgery to repair torn left achilles tendon (out indefinitely) | placed on il recovering from surgery to repair torn left achilles tendon
Mike Conley Jr.,Achilles rupture,2017-11-15,2018-12-19,not a tear,,,placed on il with sore left achilles (out for season) | surgery on left heel to smooth bone (out for season) (date approximate) | placed on il with left hamstring injury
John Wall,Achilles rupture,2018-12-28,,correct,2018-12-26,2020-12-31,placed on il with torn left achilles tendon (out for season) | surgery to repair torn left achilles tendon (out for season) | surgery to repair torn left achilles tendon (out for season) | placed on il recovering from torn left achilles tendon (out for season)
Jose Barea,Achilles rupture,2019-01-12,2020-02-07,wrong return date,2019-01-11,2019-11-06,torn right achilles tendon (out for season) | placed on il with torn right achilles tendon (out for season) | placed on il with sprained left ankle
Darius Miller,Achilles rupture,2019-03-29,,wrong start,2019-10-21,2021-01-04,strained left adductor (out for season) | torn right achilles tendon (out for season)
Rodney Hood,Achilles rupture,2019-12-07,,correct,2019-12-06,2020-12-23,torn left achilles tendon (out for season) | placed on il with torn left achilles tendon (out for season)
David Nwaba,Achilles rupture,2019-12-20,2020-01-03,return that was not,2019-12-19,2020-12-26,torn right achilles tendon (out for season) | placed on il with torn right achilles tendon (out for season)
Dwight Powell,Achilles rupture,2020-01-22,,correct,2020-01-21,2020-12-23,torn right achilles tendon (out for season) | placed on il with torn right achilles tendon (out for season)
Doug McDermott,Meniscus tear,2014-12-02,2015-01-22,correct,2014-11-30,2015-01-22,placed on il with torn meniscus in right knee | arthroscopic surgery on right knee to repair torn meniscus (out indefinitely)
Josh McRoberts,Meniscus tear,2014-12-10,2016-01-29,wrong return date,2014-12-09,2015-10-28,torn meniscus in right knee (out for season) | placed on il with torn meniscus in right knee (out for season) | surgery on right knee to repair torn meniscus (out for season) | placed on il (p) (out for season) | placed on il with sore knee
Danilo Gallinari,Meniscus tear,2014-12-21,2015-01-23,correct,2014-12-20,2015-01-23,torn meniscus in right knee (out indefinitely) | surgery on right knee to repair torn meniscus (out indefinitely) | placed on il recovering from surgery on right knee to repair torn meniscus
Kemba Walker,Meniscus tear,2015-01-24,2015-03-11,correct,2015-01-23,2015-03-11,placed on il with torn lateral meniscus in left knee | surgery on left knee to repair torn lateral meniscus (out for season)
Derrick Rose,Meniscus tear,2015-02-24,2015-04-08,correct,2015-02-23,2015-04-08,torn medial meniscus in right knee (out indefinitely) | placed on il with torn medial meniscus in righ tknee | surgery on right knee to repair torn medial meniscus (out indefinitely)
Al Jefferson,Meniscus tear,2015-12-30,2016-02-19,correct,2015-12-28,2016-02-19,torn lateral meniscus in right knee (out indefinitely) | surgery on right knee to repair torn lateral meniscus (out indefinitely) | placed on il recovering from surgery on right knee to repair torn lateral meniscus
Jahlil Okafor,Meniscus tear,2016-02-03,2016-12-11,wrong start,2016-03-22,2016-10-26,placed on il | bruised right shin (dtd) | arthroscopic surgery on right knee to repair torn meniscus (out for season) | gastroenteritis (dtd)
Chandler Parsons,Meniscus tear,2016-03-18,2016-11-06,correct,2016-03-25,2016-11-06,sore right knee (out for season) | placed on il with sore right hamstring / right knee injury (out for season) | surgery on right knee to repair medial meniscus (out for season) | sore right knee (dtd) | placed on il with sore right knee
Ian Mahinmi,Meniscus tear,2016-04-13,2016-11-26,wrong start,2016-10-15,2016-11-26,placed on il | surgery on left knee to repair torn medial meniscus (out indefinitely) | placed on il recovering from surgery on left knee to repair torn medial meniscus
Kemba Walker,Meniscus tear,2016-05-09,2016-12-17,wrong return date,2016-05-09,2016-10-26,surgery on left knee to repair torn meniscus (out for season)
Reggie Bullock,Meniscus tear,2016-11-25,2017-01-13,correct,2016-11-23,2017-01-13,placed on il with torn meniscus in left knee
Ramon Sessions,Meniscus tear,2017-02-03,2018-04-27,wrong return date,2017-02-01,2017-10-19,torn lateral meniscus in left knee (out indefinitely) | surgery on left knee to repair torn lateral meniscus (out for season) | placed on il recovering from surgery on left knee to repair torn lateral meniscus (out for season) | placed on il | placed on il
Derrick Rose,Meniscus tear,2017-03-29,2017-10-29,correct,2017-03-27,2017-10-17,placed on il with torn meniscus in left knee / sore right foot (out for season) | surgery on left knee to repair torn meniscus (out for season) | sprained left ankle (dtd) | placed on il with sprained left ankle
Robert Covington,Meniscus tear,2017-03-29,2017-12-15,wrong return date,2017-03-28,2017-10-18,swelling in right knee (out for season) | torn meniscus in right knee (out for season) | placed on il with bruised lower back
Alan Williams,Meniscus tear,2017-09-25,2018-03-26,correct,2017-09-25,2018-03-26,surgery on right knee to repair torn meniscus (out indefinitely) | placed on il recovering from surgery on right knee to repair torn meniscus
Davon Reed,Meniscus tear,2017-10-12,2018-01-07,before NBA debut,,,surgery on left knee to repair torn meniscus (out indefinitely) | placed on il recovering from surgery on left knee to repair torn meniscus
Patrick Beverley,Meniscus tear,2017-11-22,2019-03-30,wrong return date,2017-11-20,2018-10-17,arthroscopic surgery on right knee to repair lateral meniscus (out for season) | placed on il recovering from arthroscopic surgery on right knee to repair lateral meniscus (out for season) | placed on il with hright hip pointer
Cody Zeller,Meniscus tear,2017-12-07,2018-02-02,correct,2017-12-06,2018-02-02,torn meniscus in left knee (out indefinitely) | placed on il with torn meniscus in left knee
Jimmy Butler,Meniscus tear,2018-02-24,2018-04-06,correct,2018-02-23,2018-04-06,placed on il with meniscus injury in right knee | surgery on right knee to repair meniscus injury
Daniel Theis,Meniscus tear,2018-03-12,2018-11-11,wrong return date,2018-03-11,2018-10-16,torn meniscus in left knee (out for season) | placed on il with torn meniscus in left knee (out for season) | plantar fascia in right foot (out indefinitely) | placed on il with plantar fascia in right foot
Zion Williamson,Meniscus tear,2019-10-18,2020-01-22,before NBA debut,,,torn meniscus in right knee (out indefinitely) | surgery on right knee to repair torn meniscus (out indefinitely) | placed on il recovering from surgery on right knee to repair torn meniscus
